"ACTION","REWARD","A0","A1","A2","A3","V"
"0","0.0","0.252616","-0.122601","0.00120119","-0.0972267","2.31562"
"2","0.0","0.0887193","0.113315","0.178765","-0.0580414","1.67157"
"1","0.0","0.015191","0.0809321","0.0881939","0.0688737","1.58554"
"0","0.0","0.11283","0.0981199","0.0753032","0.0892807","1.59273"
"0","0.0","0.104603","0.0924833","0.080927","0.0958316","1.61165"
"0","0.0","0.0953585","0.0877883","0.0868859","0.0938285","1.64118"
"1","0.0","0.081066","0.0851802","0.0838536","0.0879428","1.6704"
"1","0.0","0.0631811","0.0757551","0.0709266","0.0755512","1.71332"
"1","0.0","0.0463437","0.0652409","0.0603598","0.0655677","1.71421"
"0","0.0","0.0348012","0.048833","0.0417222","0.0535463","1.75266"
"1","0.0","0.0289726","0.0490384","0.0321113","0.0502673","1.78086"
"1","0.0","0.0179274","0.0406718","0.0249397","0.0433085","1.79818"
"1","0.0","0.0132521","0.0395516","0.0181778","0.0475139","1.81533"
"3","0.0","0.00975663","0.0348009","0.0084548","0.043793","1.83568"
"3","0.0","0.00626388","0.0300167","-0.00284592","0.0459186","1.83283"
"3","0.0","0.00681749","0.0361111","-0.0011685","0.0512961","1.8649"
"2","0.0","0.00677765","0.034443","-0.000176838","0.0429169","1.85947"
"1","0.0","0.0116001","0.0322981","0.00672427","0.0301313","1.87523"
"1","0.0","0.0145996","0.0334331","0.00475154","0.0233261","1.87765"
"1","0.0","0.029196","0.0477391","0.0285234","0.0339425","1.85525"
"1","0.0","0.0368327","0.0667493","0.0553309","0.0541624","1.86125"
"1","0.0","0.0694075","0.0948116","0.0705469","0.0721539","1.87706"
"1","0.0","0.056492","0.0906275","0.0864785","0.0878056","1.90441"
"3","0.0","0.0582081","0.0916125","0.0850948","0.0887195","1.90481"
"3","0.0","0.0473925","0.0693453","0.0737942","0.0783168","1.95166"
"2","0.0","0.0302644","0.0503183","0.0595649","0.0590901","1.98422"
"2","0.0","-1.78773e-05","0.0253178","0.0300461","0.024964","2.0499"
"2","0.0","-0.0314361","-0.00850382","-0.00519564","-0.00185341","2.13317"
"1","0.0","-0.0370899","0.00918149","-0.0108468","-0.00292252","2.16842"
"1","0.0","-0.0298642","0.0206953","-0.00335715","0.000394866","2.20355"
"1","0.0","-0.00377803","0.0392281","0.015076","0.0164138","2.22745"
"1","0.0","0.0156509","0.0560306","0.0318214","0.0288269","2.22389"
"1","0.0","0.0225623","0.0484157","0.0360973","0.0289185","2.19073"
"1","0.0","0.0353286","0.0430514","0.0369822","0.0354289","2.23687"
"1","0.0","0.0425952","0.0452259","0.0398709","0.0377656","2.25938"
"1","0.0","0.0599845","0.0570643","0.0579694","0.0561994","2.30025"
"1","0.0","0.0849708","0.0830996","0.0819946","0.0804923","2.36146"
"3","0.0","0.135822","0.130703","0.128542","0.126688","2.3983"
"0","0.0","0.225052","0.220131","0.220201","0.223019","2.41621"
"3","0.0","0.327907","0.330929","0.346135","0.371083","2.45761"
"3","1.0","0.362481","0.357172","0.407115","0.422289","2.55144"
"3","0.0","0.293617","0.298253","0.313352","0.361002","1.59043"
"3","0.0","0.162097","0.144462","0.150799","0.177108","1.56377"
"3","0.0","0.086917","0.0792612","0.0808083","0.111383","1.51607"
"1","0.0","0.0933052","0.0919808","0.0748178","0.0885802","1.58808"
"1","0.0","0.102128","0.110047","0.0841583","0.0917504","1.60736"
"1","0.0","0.101709","0.110334","0.0822161","0.104223","1.64555"
"1","0.0","0.0856964","0.0965497","0.0711584","0.0937421","1.6246"
"1","0.0","0.0568803","0.0651335","0.0552799","0.0746274","1.67013"
"2","0.0","0.0338288","0.0450457","0.0436708","0.0521107","1.71402"
"3","0.0","0.0218277","0.0312856","0.0314898","0.0349711","1.73276"
"2","0.0","0.00460259","0.027749","0.0161476","0.0231121","1.77039"
"2","0.0","-0.00333503","0.0208491","0.00898797","0.0133612","1.80144"
"2","0.0","-0.0102675","0.0164179","0.0185036","0.00577815","1.82149"
"2","0.0","-0.0154149","0.0125807","0.0103215","0.00356802","1.86881"
"2","0.0","-0.01412","0.0175902","0.00821582","0.00601364","1.88968"
"3","0.0","-0.0130455","0.0141632","0.0125777","-0.00315263","1.94044"
"2","0.0","-0.00696124","0.00733401","0.027858","-0.0104412","1.8999"
"2","0.0","0.0131598","0.00587787","0.0258777","-0.00222507","1.93484"
"0","0.0","0.0442267","0.0256961","0.0047905","0.0091596","1.88497"
"0","0.0","0.0378209","0.0224176","0.00614786","0.0334107","1.85742"
"0","0.0","0.010634","0.0349126","0.013801","0.0772442","1.81468"
"3","0.0","0.000791721","0.0215487","-0.00416502","0.0714139","1.91654"
"2","0.0","-0.00124549","0.0238213","-0.0177488","0.04603","1.94568"
"3","0.0","-0.0269662","0.00133783","-0.0261346","0.0148072","2.01725"
"3","0.0","-0.040509","-0.0189392","-0.04007","-0.0105576","2.0184"
"3","0.0","-0.0558865","-0.038104","-0.0490865","-0.0296578","2.05098"
"0","0.0","-0.0673616","-0.0570399","-0.0491683","-0.0522133","2.07427"
"2","0.0","-0.0658538","-0.0639231","-0.0462114","-0.0583678","2.11937"
"2","0.0","-0.060983","-0.0322895","-0.0399158","-0.0439367","2.18486"
"1","0.0","-0.0383001","-0.00439283","-0.0191794","-0.0164735","2.1954"
"0","0.0","-0.0245164","0.0184021","4.15012e-05","0.00337214","2.18325"
"1","0.0","-0.00666094","0.0280333","0.0122465","0.0157077","2.16818"
"1","0.0","0.011716","0.0411082","0.0231195","0.0283243","2.19449"
"1","0.0","0.0215819","0.0447607","0.0342412","0.0360539","2.18186"
"1","0.0","0.0285603","0.0553131","0.0479491","0.0448009","2.14109"
"2","0.0","0.037832","0.0531998","0.0604593","0.0514111","2.16476"
"2","0.0","0.0427685","0.0569669","0.068706","0.0593149","2.18776"
"2","0.0","0.0443628","0.0518684","0.0695782","0.0632937","2.2318"
"2","0.0","0.0459592","0.0513636","0.0685492","0.0654088","2.21485"
"2","0.0","0.0509065","0.0533254","0.0718271","0.0684636","2.21794"
"2","0.0","0.0486943","0.0614815","0.0742326","0.0689422","2.23075"
"3","0.0","0.0784822","0.072909","0.089114","0.0966309","2.25095"
"3","0.0","0.083311","0.0834043","0.0957125","0.105015","2.27416"
"2","0.0","0.0864364","0.0953108","0.108746","0.112434","2.24713"
"2","0.0","0.129069","0.108281","0.128739","0.132859","2.30622"
"0","0.0","0.167583","0.143026","0.153859","0.166242","2.37026"
"3","0.0","0.21647","0.18564","0.195173","0.22255","2.33887"
"3","0.0","0.298621","0.268847","0.278668","0.312933","2.43907"
"3","0.0","0.415859","0.390703","0.400486","0.445547","2.39852"
"3","0.0","0.412052","0.389323","0.388337","0.44236","2.39598"
"0","1.0","0.379114","0.335555","0.33196","0.38578","2.27428"
"3","0.0","0.243731","0.263435","0.273782","0.358738","1.50572"
"0","0.0","0.236056","0.229214","0.238173","0.277544","1.48536"
"0","0.0","0.245364","0.231613","0.230219","0.236119","1.54085"
"2","0.0","0.171773","0.158124","0.153244","0.158537","1.54028"
"3","0.0","0.128251","0.112318","0.109537","0.113703","1.53065"
"3","0.0","0.0840971","0.0930044","0.0837518","0.0986138","1.57846"
"1","0.0","0.088554","0.108021","0.090448","0.0987986","1.62694"
"1","0.0","0.0886437","0.108428","0.0927675","0.102884","1.6281"
"2","0.0","0.0853195","0.10964","0.0912073","0.102458","1.64957"
"1","0.0","0.0836153","0.105782","0.0899861","0.0964736","1.68176"
"1","0.0","0.0704189","0.0984893","0.0791541","0.0899457","1.69117"
"1","0.0","0.0522661","0.0785344","0.0586969","0.0680589","1.72393"
"1","0.0","0.0369861","0.0602456","0.0409643","0.0492262","1.7305"
"1","0.0","0.0269798","0.0426772","0.0292767","0.0325439","1.72876"
"1","0.0","0.0140843","0.021929","0.0142179","0.0151364","1.74638"
"2","0.0","0.00593733","0.00700198","0.0114675","0.00609163","1.72476"
"2","0.0","0.00150091","-2.65563e-05","0.00894454","0.000964944","1.7238"
"2","0.0","-0.000425017","0.00276157","0.0140075","0.0102422","1.71358"
"1","0.0","-0.00434926","0.0116007","-0.00443703","0.00605097","1.6893"
"1","0.0","-0.01785","0.00558671","-0.0260866","-0.00530151","1.70816"
"1","0.0","-0.0286004","0.0016945","-0.0452237","-0.00855877","1.69712"
"3","0.0","-0.0262335","-0.00207494","-0.0451166","-0.00382841","1.68296"
"3","0.0","-0.0189945","-0.00186865","-0.021077","0.00126374","1.6528"
"2","0.0","-0.0130884","0.000462812","-0.00793623","-0.00985746","1.64965"
"2","0.0","-0.0115917","-0.00331848","-0.00842135","-0.0169449","1.69685"
"0","0.0","-0.0146972","-0.00876401","-0.0171324","-0.0312124","1.76632"
"3","0.0","-0.00569862","-0.0025019","-0.0214894","-0.0332418","1.82678"
"2","0.0","-0.00648446","-0.00446924","0.0146011","-0.0343109","1.84688"
"2","0.0","-0.0137506","-0.0174378","0.00136483","-0.0460846","1.94414"
"3","0.0","-0.0104722","-0.0194791","-0.0686489","0.00404547","2.00976"
"3","0.0","-0.0610799","-0.0548189","-0.06573","0.0501518","1.81746"
"2","0.0","0.0128967","0.056724","-0.0367921","0.00260929","1.62098"
"3","0.0","-0.104993","-0.0931233","-0.0338709","-0.00662455","1.99081"
"3","0.0","-0.0593905","-0.0726544","-0.0850483","-0.0151138","2.01332"
"3","0.0","-0.0314398","-0.0130834","-0.0607411","-0.0179477","1.96573"
"1","0.0","-0.0147536","0.00808055","-0.0167734","-0.0170685","1.91407"
"2","0.0","-0.0298527","-0.00449128","-0.0113152","-0.0274631","1.97516"
"2","0.0","-0.0574337","-0.0503721","-0.0478742","-0.0614417","2.06408"
"2","0.0","-0.0746803","-0.0674461","-0.0704339","-0.0726302","2.07855"
"3","0.0","-0.0850489","-0.0741175","-0.0839084","-0.0693713","2.08341"
"2","0.0","-0.0914783","-0.0819159","-0.079079","-0.0700899","2.07114"
"2","0.0","-0.084878","-0.07825","-0.0704954","-0.0696402","2.09397"
"2","0.0","-0.0753742","-0.0640921","-0.0649964","-0.0616587","2.10561"
"2","0.0","-0.0593443","-0.0447204","-0.0483143","-0.0452706","2.1236"
"2","0.0","-0.0389156","-0.0233716","-0.0344518","-0.0269389","2.13512"
"3","0.0","-0.0129832","0.000392095","-0.0137406","-0.00128095","2.22554"
"3","0.0","0.00398535","0.0198413","0.00441656","0.0215932","2.24099"
"3","0.0","0.0169382","0.0254186","0.0191395","0.0330852","2.27287"
"2","0.0","0.027051","0.0280619","0.0317729","0.0372032","2.28671"
"2","0.0","0.0272286","0.0336111","0.0450579","0.0433487","2.20934"
"2","0.0","0.0272692","0.0294348","0.0479653","0.0449936","2.20565"
"2","0.0","0.0364195","0.028861","0.0558112","0.0451842","2.24317"
"2","0.0","0.0378328","0.0256201","0.0570707","0.0423575","2.22087"
"0","0.0","0.0423158","0.0286094","0.0587439","0.0459717","2.20641"
"2","0.0","0.0527545","0.0394854","0.0615997","0.0564913","2.16117"
"2","0.0","0.0575636","0.0528336","0.0659351","0.0620497","2.1932"
"3","0.0","-0.0391244","0.157472","0.0704699","0.0722743","2.02608"
"0","0.0","0.139528","0.0936064","0.136958","0.128246","2.07913"
"2","0.0","0.113007","0.10583","0.123723","0.121833","2.13674"
"0","0.0","0.139909","0.11628","0.134693","0.130983","2.1786"
"0","0.0","0.171166","0.147233","0.158887","0.158625","2.30053"
"0","0.0","0.183747","0.157852","0.170453","0.178545","2.20048"
"0","0.0","0.28014","0.248802","0.263273","0.281299","2.35202"
"0","0.0","0.371068","0.332031","0.344447","0.358026","2.3409"
"0","0.0","0.427788","0.389201","0.403475","0.420679","2.32937"
"0","0.0","0.347956","0.289334","0.306611","0.336334","2.03769"
"2","0.0","0.115692","0.0810385","0.160022","0.190643","1.66663"
"0","1.0","0.13542","0.0582928","0.0913871","0.0992276","1.67009"
"3","0.0","0.067937","0.15547","0.101225","0.170746","1.3864"
"3","0.0","0.129453","0.163444","0.141682","0.19778","1.55877"
"3","0.0","0.205503","0.198876","0.20102","0.235187","1.63676"
"3","0.0","0.183668","0.164353","0.17106","0.200338","1.58883"
"0","0.0","0.149083","0.124977","0.135315","0.143322","1.54157"
"3","0.0","0.0825474","0.0756199","0.0854617","0.109423","1.5413"
"2","0.0","0.0612093","0.0768062","0.0687417","0.0881521","1.64935"
"3","0.0","0.0499706","0.0599906","0.0538196","0.0678683","1.66572"
"1","0.0","0.0491462","0.0611306","0.053977","0.0634753","1.67631"
"1","0.0","0.0501827","0.0670652","0.0542367","0.0644603","1.68118"
"2","0.0","0.0515783","0.0619472","0.0505553","0.0555912","1.66546"
"2","0.0","0.0420217","0.0506048","0.0440024","0.0505943","1.66678"
"2","0.0","0.030772","0.037171","0.0331361","0.0370178","1.6584"
"2","0.0","0.0137578","0.0224874","0.0244049","0.0323624","1.6713"
"2","0.0","0.00992976","0.00911256","0.0101915","0.0108842","1.69911"
"2","0.0","0.0037903","0.00176199","0.000101371","0.00521436","1.71545"
"1","0.0","-0.0100323","0.0041465","-0.0101766","0.000948948","1.7236"
"1","0.0","-0.027306","0.00137365","-0.031115","-0.0137799","1.75015"
"2","0.0","-0.0403027","-0.00253881","-0.0428087","-0.0204516","1.7152"
"1","0.0","-0.0351643","-0.0113766","-0.0314454","-0.0127535","1.6821"
"3","0.0","-0.0312273","-0.00857302","-0.0322659","-0.00661902","1.68561"
"1","0.0","-0.0298845","0.00349164","-0.0365389","-0.0148504","1.66431"
"0","0.0","-0.0246116","-0.0246689","-0.0363774","-0.0258396","1.70193"
"3","0.0","-0.0262274","-0.0309576","-0.0398219","-0.0315994","1.72398"
"0","0.0","-0.0210454","-0.0308317","-0.0427595","-0.0273422","1.80002"
"0","0.0","-0.024313","-0.0291235","-0.0413536","-0.028281","1.88455"
"3","0.0","-0.0339998","-0.0331615","-0.0547253","-0.00640651","1.68282"
"3","0.0","-0.0668057","-0.0523949","-0.0929175","0.0174151","1.76545"
"3","0.0","-0.0260544","-0.0467292","-0.111183","0.00933474","2.06785"
"3","0.0","-0.0294103","-0.0416588","-0.1117","-0.00328094","1.97693"
"0","0.0","-0.00543438","-0.00322264","-0.0395441","-0.0247893","1.92643"
"1","0.0","0.0526244","0.0734698","0.00239599","0.0530249","1.72242"
"2","0.0","-0.0719067","-0.0310575","0.0180342","0.0270747","1.69973"
"2","0.0","-0.0474229","-0.0643866","-0.0225084","-0.0386271","2.01756"
"0","0.0","-0.0151471","-0.0287902","-0.077601","-0.0365483","2.00313"
"1","0.0","-0.0716889","-0.0435375","-0.087683","-0.0514476","2.07223"
"1","0.0","-0.0941447","-0.0576159","-0.102597","-0.0768826","2.09345"
"1","0.0","-0.0985223","-0.0562842","-0.0969515","-0.0737113","2.12748"
"2","0.0","-0.0915089","-0.0766552","-0.0858331","-0.0807851","2.24808"
"1","0.0","-0.0879813","-0.0582174","-0.0758863","-0.0731976","2.26934"
"1","0.0","-0.0483785","-0.0310915","-0.0486482","-0.0459675","2.32791"
"1","0.0","-0.0267073","-0.00207621","-0.0286781","-0.0191777","2.30967"
"1","0.0","-0.00677813","0.00867474","-0.00916381","0.000279447","2.33094"
"3","0.0","0.0130596","0.0238683","0.00826195","0.0163165","2.38007"
"1","0.0","0.0160808","0.0237631","0.014887","0.0265899","2.38968"
"3","0.0","0.0169542","0.0149268","0.0162104","0.0294082","2.44176"
"3","0.0","0.0378926","0.0326249","0.0301273","0.0461198","2.48569"
"3","0.0","0.0499161","0.0534428","0.04194","0.0579504","2.57299"
"3","0.0","0.165773","0.218538","0.183696","0.249042","2.63032"
"3","1.0","0.204849","0.250811","0.259458","0.266083","2.6355"
"2","0.0","0.10969","0.116916","0.156867","0.118583","1.76159"
"0","0.0","-0.00356347","-0.037609","-0.00920271","0.0229344","1.37218"
"3","0.0","0.0150663","0.00457171","-0.00479902","0.0322222","1.51335"
"0","0.0","0.0376969","0.0301133","0.0154926","0.0352272","1.66626"
"0","0.0","0.0369728","0.0362446","0.017712","0.0315012","1.7101"
"1","0.0","0.0232514","0.0324621","0.0221992","0.0223676","1.70683"
"2","0.0","0.00782337","0.0183478","0.0158331","0.0150176","1.76713"
"2","0.0","0.00462184","0.0187589","0.0150416","0.0091003","1.77996"
"2","0.0","0.003179","0.0210917","0.0155639","0.00546712","1.77461"
"2","0.0","-0.000962285","0.0218703","0.0117237","0.00659649","1.86363"
"2","0.0","-0.00779349","0.0150636","0.01052","0.00519281","1.91604"
"2","0.0","-0.013043","0.012596","-0.000425109","0.00144833","1.94646"
"3","0.0","-0.0150714","0.0120454","-0.0196151","0.00876925","1.91977"
"3","0.0","-0.017181","0.00763228","-0.0311097","0.0128585","1.95185"
"1","0.0","-0.00581137","0.0251571","-0.00980132","-0.00889744","1.93617"
"1","0.0","0.00956546","0.0355288","0.0024549","-0.00846339","2.00339"
"2","0.0","-0.0157822","-0.0063396","-0.0157252","-0.0286388","1.99689"
"1","0.0","-0.0447255","-0.0303912","-0.0534584","-0.0421945","2.04884"
"3","0.0","-0.0790809","-0.0524677","-0.0808467","-0.0488541","2.14257"
"1","0.0","-0.0638357","-0.0349893","-0.0573472","-0.0429541","2.22943"
"1","0.0","-0.0320729","-0.00062789","-0.0233649","-0.0160684","2.37515"
"1","0.0","0.00319825","0.0427453","0.00327704","0.0132377","2.4362"
"1","0.0","0.035046","0.0601319","0.0301493","0.0375972","2.47422"
"1","0.0","0.0459189","0.0661393","0.0481855","0.0523128","2.41189"
"1","0.0","0.044321","0.0562288","0.0444506","0.0541133","2.44824"
"3","0.0","0.041173","0.0397966","0.0358155","0.0483457","2.45143"
"3","0.0","0.0458163","0.0398922","0.042244","0.0542482","2.39196"
"0","0.0","0.0746846","0.0653993","0.0627529","0.0761061","2.41273"
"1","0.0","0.126528","0.127695","0.104715","0.134199","2.4397"
"3","1.0","0.272232","0.272498","0.251529","0.291762","2.43554"
"3","0.0","0.176332","0.197038","0.207594","0.23969","1.60581"
"3","0.0","0.0548616","0.0624462","0.0593921","0.116232","1.48187"
"3","0.0","0.0392112","0.0540861","0.0378211","0.0935322","1.53514"
"3","0.0","0.0311619","0.0570072","0.0296445","0.0811322","1.64928"
"2","0.0","0.041595","0.0685421","0.0410621","0.0658961","1.66668"
"1","0.0","0.0352743","0.0595353","0.0375211","0.0512237","1.6604"
"1","0.0","0.0173904","0.0486798","0.0226658","0.0366158","1.71333"
"1","0.0","0.00740907","0.0357791","0.015363","0.0231758","1.81826"
"1","0.0","-0.00306213","0.0337141","0.0158388","0.0124635","1.79172"
"2","0.0","-0.0155721","0.0271444","0.0115006","0.0084366","1.86335"
"2","0.0","-0.0255164","0.0122648","-2.57591e-05","-0.0010617","1.90177"
"2","0.0","-0.0251726","0.0071751","0.0260927","-0.0138868","1.8005"
"2","0.0","-0.00904133","0.0298323","0.0766385","-0.030224","1.89696"
"2","0.0","0.0153754","0.0321537","0.0904562","-0.0294114","1.92572"
"0","0.0","0.0202994","0.0185685","-0.00895769","0.0204825","2.07526"
"0","0.0","0.00903276","0.0103285","-0.078129","0.0222956","2.09879"
"3","0.0","-0.0605327","-0.0356539","-0.0888204","-0.0213253","2.13523"
"3","0.0","-0.0980151","-0.0517805","-0.0882377","-0.0495717","2.20905"
"3","0.0","-0.104968","-0.0671874","-0.0785431","-0.0748169","2.33594"
"2","0.0","-0.0857292","-0.0518907","-0.0608648","-0.0707997","2.35002"
"2","0.0","-0.0502844","-0.0199825","-0.0337767","-0.0345094","2.34591"
"1","0.0","-0.00496502","0.0164515","-0.00421425","9.39223e-05","2.36712"
"1","0.0","0.024335","0.0309872","0.016667","0.021702","2.42838"
"1","0.0","0.0255714","0.0313563","0.0180318","0.02658","2.37667"
"2","0.0","0.0162658","0.0199453","0.00993162","0.0153906","2.41808"
"3","0.0","0.0165236","0.0130862","0.0107164","0.0168373","2.52282"
"3","0.0","0.0117948","0.0111433","0.00885141","0.0148038","2.49018"
"3","0.0","0.0167224","0.0233171","0.0170463","0.0249208","2.64445"
"1","0.0","0.0302366","0.0626562","0.0376019","0.0543299","2.7377"
"1","0.0","0.0879854","0.168455","0.142452","0.170354","2.91886"
"2","1.0","0.0944381","0.155597","0.21784","0.0188854","2.73208"
"2","0.0","-0.104577","0.0485057","0.144305","0.0932961","1.45416"
"3","0.0","-0.0646344","0.0246597","0.0548218","0.110649","1.64891"
"3","0.0","-0.0697665","-0.0394562","-0.0271447","0.0110278","1.48338"
"3","0.0","-0.0684379","-0.0572954","-0.0485455","-0.0200046","1.61556"
"0","0.0","-0.0467718","-0.0490696","-0.0336047","-0.00376773","1.63074"
"0","0.0","-0.0223468","-0.0278943","-0.0147763","0.00390589","1.63599"
"3","0.0","-0.0104281","-0.00966796","-0.0057975","0.0150941","1.63281"
"2","0.0","-0.0160948","-0.00212925","-0.0158184","0.00802807","1.70261"
"2","0.0","-0.0369417","-0.0097338","-0.0326568","-0.00307994","1.73761"
"3","0.0","-0.0504671","-0.0111951","-0.0453595","-0.0111074","1.7315"
"3","0.0","-0.05024","-0.00994691","-0.0419207","-0.00556101","1.74055"
"1","0.0","-0.0497722","-0.00578468","-0.0302193","-0.0177696","1.73156"
"2","0.0","-0.0469431","-0.0131035","-0.0237526","-0.0262729","1.74346"
"3","0.0","-0.0459764","-0.00537082","-0.0366436","-0.024319","1.6548"
"2","0.0","-0.0371504","-0.022745","-0.0131587","-0.0257588","1.64553"
"2","0.0","-0.0333714","0.0188533","0.0707628","-0.0155634","1.61261"
"2","0.0","-0.0146562","0.0360021","0.0870317","0.00838644","1.58731"
"3","0.0","-0.0501464","0.00661303","0.0208811","-0.00638461","1.48181"
"2","0.0","-0.110501","-0.0640904","-0.0554171","-0.0353597","1.4879"
"2","0.0","-0.131497","-0.114602","-0.128912","-0.0880243","1.59887"
"1","0.0","-0.116128","-0.0856983","-0.139375","-0.097045","1.59449"
"3","0.0","-0.108696","-0.0561393","-0.125192","-0.0805421","1.53152"
"2","0.0","-0.112192","-0.052559","-0.119287","-0.0753572","1.52119"
"1","0.0","-0.114391","-0.0554675","-0.117983","-0.0784668","1.52004"
"1","0.0","-0.032034","-0.0271445","-0.0545986","-0.0307854","1.60109"
"1","0.0","-0.0313211","-0.0298311","-0.0476771","-0.0284603","1.61924"
"2","0.0","-0.037998","-0.0366458","-0.0419066","-0.0290682","1.65234"
"2","0.0","-0.0431858","-0.0344919","-0.0354922","-0.0235331","1.68559"
"2","0.0","-0.0361272","-0.0208776","-0.0215639","-0.0135936","1.6895"
"2","0.0","-0.0432341","-0.0132407","-0.0197012","-0.00689455","1.74817"
"2","0.0","-0.0395902","-0.00967649","-0.0109333","-0.00938133","1.75458"
"2","0.0","-0.0396278","-0.00919546","-0.00425056","-0.0087883","1.77869"
"2","0.0","-0.0299724","-0.00386212","-0.0105261","-0.00425022","1.85051"
"1","0.0","-0.0298381","0.00296035","-0.0107837","0.000222366","1.87313"
"3","0.0","-0.0300834","0.00179755","-0.0180075","0.0062891","1.89611"
"3","0.0","-0.0300225","0.00423509","-0.0173655","0.0134841","1.87998"
"3","0.0","-0.0295583","0.0012738","-0.02251","0.0120621","1.89454"
"3","0.0","-0.031992","-0.00336748","-0.0320032","0.00632463","1.9098"
"3","0.0","-0.0410424","0.00137343","-0.0421962","0.0117833","1.91188"
"3","0.0","-0.0433677","0.000915901","-0.0487175","0.0210772","2.00974"
"3","0.0","-0.0502753","-0.00774298","-0.0600077","0.0213814","1.9854"
"3","0.0","-0.0474614","-0.00955444","-0.0617679","0.0105938","1.99961"
"3","0.0","-0.0490569","-0.0102102","-0.0721486","-0.00619864","2.02632"
"2","0.0","-0.0389296","-0.00888534","-0.0284659","-0.0651394","2.05191"
"2","0.0","-0.0382636","-0.00581393","0.0140695","-0.0854527","2.00218"
"2","0.0","-0.0383212","-0.00431558","-0.0191112","-0.0692709","2.02263"
"3","0.0","-0.0498627","-0.0123139","-0.0605553","0.0725664","1.8422"
"3","0.0","-0.0113416","0.0356366","0.00879107","0.0904153","1.67315"
"3","0.0","0.0188938","0.0367265","0.00512491","0.0540284","1.58663"
"0","0.0","-0.0208228","-0.0378786","-0.0505929","-0.00680501","1.52492"
"0","0.0","-0.0530417","-0.0545187","-0.0805151","-0.0373123","1.50745"
"3","0.0","-0.0851252","-0.0625322","-0.0881846","-0.0442211","1.52351"
"1","0.0","-0.0897276","-0.0647437","-0.092956","-0.0618708","1.55694"
"1","0.0","-0.0770648","-0.0510702","-0.0900262","-0.0657444","1.58128"
"1","0.0","-0.0771179","-0.0476056","-0.0843003","-0.065968","1.59216"
"1","0.0","-0.0758112","-0.0468145","-0.0803406","-0.0672706","1.6021"
"1","0.0","-0.0728626","-0.0465868","-0.0775037","-0.0686205","1.61404"
"0","0.0","-0.0141144","-0.00813487","-0.0319533","-0.0272247","1.6283"
"1","0.0","-0.00994724","-0.00378923","-0.017023","-0.0149687","1.71401"
"2","0.0","-0.000239569","0.0102633","0.000720792","0.000929987","1.74337"
"2","0.0","0.00297388","0.0167127","0.0123678","0.013843","1.75947"
"2","0.0","-9.69336e-05","0.0184939","0.0141613","0.0189482","1.78111"
"2","0.0","0.00273036","0.0208435","0.0178546","0.0236279","1.79604"
"0","0.0","-0.00229223","0.0273613","0.0121299","0.0305645","1.84177"
"3","0.0","-0.011261","0.0232795","0.0071826","0.026711","1.877"
"1","0.0","-0.0166198","0.0166203","0.0033707","0.0179865","1.93384"
"1","0.0","-0.0244946","0.0161201","-0.00516848","0.0179028","1.99456"
"3","0.0","-0.0271408","0.0081883","-0.0115859","0.0138577","1.9785"
"3","0.0","-0.0268154","0.00575495","-0.0116158","0.0128935","1.96472"
"3","0.0","-0.0350889","0.00580756","-0.0158993","0.0257264","1.94326"
"3","0.0","-0.0268347","0.00562292","-0.0193546","0.0136909","1.97815"
"1","0.0","-0.019765","0.0115386","-0.0148474","-0.00312845","1.97727"
"1","0.0","-0.0191136","0.000402569","-0.0146783","-0.0180147","2.01933"
"2","0.0","-0.0158874","0.00132053","-0.0136285","-0.00955828","2.01895"
"3","0.0","-0.026404","-0.00906439","-0.0279942","0.00369314","2.01451"
"3","0.0","-0.0500623","-0.0269236","-0.0485718","0.0324067","1.94943"
"3","0.0","-0.059865","-0.0431585","-0.071469","0.0239563","2.03875"
"3","0.0","-0.0648355","-0.0458029","-0.0774833","-0.0284419","2.08855"
"3","0.0","-0.0661402","-0.054094","-0.0785393","-0.0323597","2.11005"
"3","0.0","-0.0702515","-0.0549198","-0.0876026","-0.0400097","2.14298"
"3","0.0","-0.0763639","-0.0693935","-0.0897319","-0.0437203","2.16457"
"2","0.0","-0.0914062","-0.0729702","-0.102689","-0.065625","2.17926"
"1","0.0","-0.0222492","0.107109","-0.0487995","0.00830759","2.16426"
"3","0.0","-0.0481713","-0.0769038","-0.0743143","-0.0196477","2.2587"
"3","0.0","-0.0633662","-0.0409377","-0.0842159","-0.0375759","2.23465"
"3","0.0","-0.0624215","-0.0275328","-0.0640986","-0.0285323","2.23362"
"1","0.0","-0.0413896","0.000673393","-0.0354862","-0.0138274","2.39859"
"1","0.0","-0.019557","0.0147852","-0.011449","-0.00425653","2.51954"
"1","0.0","0.0042649","0.0348721","0.0122053","0.0247273","2.52606"
"3","0.0","0.00914045","0.030863","0.0103088","0.0274671","2.47482"
"1","0.0","0.00251578","0.0184497","0.00179404","0.0163901","2.45707"
"2","0.0","-0.00219796","0.00181155","-0.00308244","0.00256852","2.45112"
"0","0.0","0.00767248","-0.00131392","0.00221961","0.00957","2.42755"
"0","0.0","0.0200864","0.00670534","0.0119457","0.0211641","2.40304"
"0","0.0","0.0391212","0.0178197","0.0218584","0.039607","2.41418"
"0","0.0","0.0504757","0.0305434","0.0284857","0.0518633","2.47525"
"0","0.0","0.0806643","0.050643","0.0392413","0.0653211","2.66284"
"0","0.0","0.0888429","0.0726315","0.0460712","0.0805888","2.89097"
"1","1.0","0.0886454","0.117914","0.0908584","0.0964947","3.08172"
"0","0.0","0.107927","0.0836379","0.129759","0.0904296","2.43899"
"2","0.0","0.0334936","0.0257973","0.0704712","0.0692537","1.65278"
"2","0.0","0.0301625","0.0262726","0.0568396","0.0635828","1.67422"
"3","0.0","0.0397893","0.0494337","0.0568052","0.0846764","1.60509"
"0","0.0","0.0441686","0.0512608","0.0551951","0.0783962","1.62976"
"3","0.0","0.0396794","0.0462846","0.0516899","0.0639313","1.64378"
"2","0.0","0.0213723","0.0363025","0.0336621","0.0377992","1.67433"
"2","0.0","0.0127963","0.0236108","0.0251275","0.0175524","1.68048"
"2","0.0","0.00691054","0.0163221","0.0203612","0.0113224","1.72501"
"2","0.0","0.0040046","0.0154981","0.0155807","0.00955808","1.77037"
"2","0.0","-0.00501545","0.0132755","0.0135069","0.000888953","1.77769"
"2","0.0","-0.0115964","0.0128376","0.00841079","0.000617803","1.78087"
"1","0.0","-0.0137068","0.0154298","-0.00728161","0.00692296","1.82045"
"1","0.0","-0.0179236","0.0187981","-0.0094141","0.00987097","1.86488"
"1","0.0","-0.027662","0.0188319","-0.0194886","0.0125443","1.88842"
"1","0.0","-0.0376832","0.00831529","-0.028265","0.00455563","1.90668"
"3","0.0","-0.039596","0.00219988","-0.0385416","0.000912199","1.90718"
"1","0.0","-0.029282","0.00677458","-0.030429","-0.00944053","1.96446"
"2","0.0","-0.0148575","0.0167169","0.0257382","-0.0484372","1.93118"
"2","0.0","0.00842449","0.020323","0.0257934","-0.0525502","2.00577"
"0","0.0","0.010473","0.0167204","-0.0417023","0.000944595","2.0357"
"3","0.0","-0.0664436","-0.046923","-0.0768927","0.0256316","1.95984"
"3","0.0","-0.075976","-0.0751476","-0.10647","-0.0176034","2.11962"
"3","0.0","-0.0893011","-0.0564408","-0.10982","-0.0397874","2.03953"
"3","0.0","-0.0981178","-0.0609215","-0.109564","-0.0553253","2.04177"
"3","0.0","-0.112609","-0.0763138","-0.100809","-0.0838134","2.09373"
"2","0.0","-0.125649","-0.104544","-0.0999464","-0.111487","2.18594"
"2","0.0","-0.130318","-0.120236","-0.110603","-0.128196","2.27432"
"2","0.0","-0.120224","-0.0963556","-0.107938","-0.108889","2.29516"
"1","0.0","-0.10533","-0.0729735","-0.0950085","-0.0893917","2.3992"
"1","0.0","-0.075301","-0.0366302","-0.0650412","-0.0519951","2.3823"
"1","0.0","-0.0511311","-0.0134089","-0.0417029","-0.0286909","2.34785"
"1","0.0","-0.0320972","0.0102316","-0.0217768","-0.0125624","2.39252"
"1","0.0","-0.0151289","0.0124929","-0.00853042","0.00152329","2.36902"
"1","0.0","0.000311072","0.0218778","0.00740082","0.0174503","2.38282"
"2","0.0","0.0141846","0.0314044","0.0264645","0.0269762","2.44708"
"2","0.0","0.0150374","0.0299582","0.0312474","0.027345","2.44752"
"2","0.0","0.01115","0.0230631","0.0264462","0.0251083","2.40963"
"2","0.0","0.00343139","0.0106805","0.0204101","0.0141232","2.32892"
"2","0.0","0.00278982","0.00538057","0.0206662","0.0144483","2.25921"
"2","0.0","0.00721495","-0.00169289","0.0219478","0.0152513","2.23887"
"2","0.0","0.00796415","-0.00100151","0.0208885","0.0143498","2.18701"
"2","0.0","0.00477257","0.000585018","0.0181003","0.00992712","2.17973"
"2","0.0","0.0107986","0.0118142","0.0218549","0.0190348","2.14538"
"2","0.0","0.0180444","0.0257057","0.0287082","0.0276773","2.16387"
"0","0.0","0.0411073","0.0398028","0.0431657","0.048046","2.16933"
"3","0.0","0.075208","0.0660112","0.0729288","0.0850121","2.26556"
"1","0.0","0.102539","0.0995777","0.0944998","0.115013","2.32456"
"3","0.0","0.133358","0.143619","0.129892","0.164826","2.46057"
"3","0.0","0.191718","0.189558","0.185074","0.217946","2.42288"
"3","0.0","0.272455","0.26109","0.273949","0.322141","2.45668"
"3","0.0","0.30056","0.263401","0.293323","0.327917","2.29681"
"0","1.0","0.376323","0.321876","0.348714","0.388302","2.04619"
"3","0.0","0.251138","0.234585","0.261979","0.29945","1.61755"
"3","0.0","0.17412","0.184086","0.187761","0.253796","1.53198"
"3","0.0","0.12291","0.121155","0.114296","0.163844","1.66847"
"3","0.0","0.076293","0.0683197","0.0683746","0.0987399","1.70261"
"3","0.0","0.0498897","0.0353692","0.0384788","0.0639295","1.66309"
"3","0.0","0.0241383","0.0124885","0.0152656","0.0384667","1.61682"
"3","0.0","0.0256581","0.0175662","0.018739","0.0382789","1.58724"
"3","0.0","0.0200247","0.0154964","0.0153044","0.0328843","1.60319"
"2","0.0","0.0277616","0.0244285","0.0244918","0.0345637","1.615"
"2","0.0","0.0252007","0.0226803","0.0268284","0.0274186","1.62118"
"2","0.0","0.0201008","0.0199963","0.0256883","0.0168669","1.66684"
"2","0.0","0.0110645","0.016179","0.0192367","0.00753596","1.63372"
"2","0.0","-0.00223895","0.00947449","0.008645","0.00679898","1.69324"
"2","0.0","-0.0102601","0.00415426","0.00797983","-0.00488944","1.73268"
"2","0.0","-0.0156635","0.00500347","0.00566133","-0.0042504","1.75975"
"2","0.0","-0.0178458","0.00479638","0.00176291","-0.00587291","1.77324"
"2","0.0","-0.0253689","0.000597838","-0.00525608","-0.00791225","1.77119"
"2","0.0","-0.0306356","-0.00130599","-0.007349","-0.0110026","1.81237"
"1","0.0","-0.0314606","-0.00242859","-0.0117074","-0.00823737","1.84447"
"1","0.0","-0.0317628","0.000676266","-0.00884636","-0.00408347","1.86443"
"1","0.0","-0.030132","-0.0026166","-0.01161","-0.00991379","1.8551"
"2","0.0","-0.0352226","0.0039646","-0.0170713","-0.0102892","1.84638"
"2","0.0","-0.0425598","-0.00155766","-0.0234381","-0.0159166","1.7966"
"1","0.0","-0.0556199","0.000799975","-0.0339702","-0.0294364","1.74073"
"1","0.0","-0.0557971","-0.0167627","-0.0411553","-0.034126","1.72523"
"1","0.0","-0.0520262","-0.02374","-0.0613464","-0.0377437","1.70981"
"1","0.0","-0.0646646","-0.0281028","-0.0769231","-0.0538265","1.67131"
"1","0.0","-0.0622311","-0.0413912","-0.0650055","-0.0498132","1.66542"
"1","0.0","0.051934","0.0988973","0.0466002","0.0530221","1.68491"
"3","0.0","-0.0499639","-0.0546622","-0.0321426","-0.00421209","1.80034"
"3","0.0","-0.060986","-0.0590628","-0.0659319","-0.0425921","1.77793"
"0","0.0","-0.0505163","-0.068796","-0.0812153","-0.0603393","1.80729"
"0","0.0","-0.03282","-0.0406294","-0.0702751","-0.0484315","1.8119"
"1","0.0","-0.0402061","-0.00210951","-0.0396744","-0.0196555","1.51778"
"1","0.0","-0.0452823","-0.000208891","-0.0368299","-0.00432451","1.45369"
"3","0.0","-0.0633155","-0.0288051","-0.05519","-0.0113329","1.42914"
"3","0.0","-0.0989199","-0.0616753","-0.0809555","-0.0423918","1.5076"
"3","0.0","-0.105941","-0.0687122","-0.0927195","-0.0674258","1.55019"
"3","0.0","-0.103441","-0.0747566","-0.0821222","-0.0650681","1.55731"
"1","0.0","-0.095909","-0.0615088","-0.0790698","-0.0711998","1.5797"
"1","0.0","-0.10598","-0.0715082","-0.0780704","-0.0888533","1.63649"
"1","0.0","-0.104048","-0.0655307","-0.0782565","-0.0916078","1.63113"
"1","0.0","-0.103512","-0.0622376","-0.0755483","-0.0898469","1.62975"
"0","0.0","-0.0196048","-0.0282816","-0.0254711","-0.0234627","1.60092"
"0","0.0","0.00194607","-0.0140455","-0.00328214","-0.00397541","1.67658"
"2","0.0","0.000535247","-0.0139285","0.00510896","-0.0036073","1.72411"
"0","0.0","-0.00595548","-0.00882114","0.0103216","0.00190615","1.72633"
"2","0.0","-0.0020466","0.00225565","0.0172473","0.00978699","1.72434"
"2","0.0","-0.00843375","0.00443532","0.0164366","0.00694389","1.78603"
"2","0.0","-0.0145845","0.00475011","0.0114477","0.00151599","1.83385"
"2","0.0","-0.0166325","0.00413044","0.00639572","-0.00506717","1.85977"
"1","0.0","-0.0233223","0.011467","-0.00237652","0.00324607","1.88743"
"1","0.0","-0.0269705","0.00525634","-0.00808177","0.000860917","1.85327"
"1","0.0","-0.0252874","0.0073276","-0.0105041","0.00796595","1.86843"
"3","0.0","-0.0260415","0.00584157","-0.0167998","0.010498","1.87094"
"3","0.0","-0.0312121","0.00249498","-0.0279425","0.00778047","1.83486"
"3","0.0","-0.0385073","-0.00136321","-0.0409725","0.012021","1.95261"
"3","0.0","-0.0456569","-0.00165745","-0.0448946","0.00823258","1.97733"
"3","0.0","-0.0526737","-0.00307252","-0.050112","0.00929953","1.97175"
"1","0.0","-0.042793","-0.000576659","-0.0450694","-0.0128593","1.98337"
"1","0.0","-0.0392921","-0.000530061","-0.0167565","-0.0544208","1.97673"
"2","0.0","-0.0313087","0.0147298","0.0217904","-0.058546","1.93833"
"1","0.0","-0.00174184","0.0402952","-0.00302244","-0.00649586","2.0136"
"3","0.0","-0.0567559","-0.0208461","-0.0646257","0.009321","2.10656"
"3","0.0","-0.0868932","-0.047539","-0.0882745","-0.0153986","2.1366"
"3","0.0","-0.10716","-0.0904482","-0.103753","-0.096126","2.2625"
"2","0.0","-0.116181","-0.101612","-0.114151","-0.110294","2.2812"
"2","0.0","-0.130205","-0.111484","-0.112174","-0.121933","2.39442"
"1","0.0","-0.125987","-0.0853143","-0.102732","-0.112237","2.49547"
"1","0.0","-0.0912911","-0.0369937","-0.0791804","-0.0719363","2.51557"
"1","0.0","-0.0562253","0.00570915","-0.0418736","-0.0351196","2.53744"
"1","0.0","-0.0219995","0.0298661","-0.0138862","-0.00152316","2.50901"
"1","0.0","0.0037385","0.0474105","0.0115145","0.021981","2.51951"
"1","0.0","0.0188584","0.0468345","0.0262045","0.0386543","2.50478"
"2","0.0","0.0170965","0.0369741","0.0227502","0.0350753","2.5102"
"1","0.0","0.0147348","0.0237055","0.0214834","0.0299116","2.44947"
"3","0.0","0.0246176","0.015569","0.026226","0.0341901","2.40865"
"3","0.0","0.0330013","0.0187022","0.0316199","0.0409736","2.41615"
"3","0.0","0.0398625","0.0213421","0.0360371","0.0439981","2.39097"
"0","0.0","0.0549688","0.0324896","0.0477783","0.0509736","2.4641"
"0","0.0","0.0865037","0.0651573","0.0828729","0.0812045","2.46132"
"3","0.0","0.13185","0.118231","0.128531","0.143946","2.4751"
"3","0.0","0.215189","0.206148","0.220687","0.229123","2.62362"
"2","0.0","0.271235","0.254205","0.290775","0.27739","2.71333"
"0","1.0","0.262615","0.189375","0.249766","0.184572","2.42037"
"3","0.0","0.147582","0.138056","0.165514","0.217834","1.52333"
"3","0.0","0.0443014","0.0688971","0.0688467","0.118483","1.71421"
"3","0.0","0.034506","0.0400974","0.042249","0.066354","1.78345"
"3","0.0","-0.00389736","-0.000137925","0.00409875","0.0249313","1.80281"
"3","0.0","-0.0249828","-0.037787","-0.017713","-0.0119519","1.81537"
"2","0.0","-0.0293327","-0.0570344","-0.0310639","-0.0381355","1.81717"
"0","0.0","-0.0239783","-0.0567722","-0.0308213","-0.0427558","1.84268"
"2","0.0","-0.0100289","-0.0381852","-0.0103093","-0.0336544","1.85203"
"2","0.0","-0.00532304","-0.0212529","-0.00325124","-0.0169567","1.84144"
"2","0.0","-0.0103274","-0.0131175","0.000322546","-0.012015","1.85956"
"2","0.0","-0.0211034","-0.0110381","-0.00173423","-0.0105064","1.87493"
"2","0.0","-0.0293636","-0.0102994","-0.00449007","-0.0129841","1.93398"
"2","0.0","-0.0309138","-0.00956058","-0.00434241","-0.0134608","1.95323"
"1","0.0","-0.0375456","-0.00236698","-0.0159035","-0.0110269","2.03974"
"1","0.0","-0.043326","0.00173958","-0.0233923","-0.0100384","2.02583"
"1","0.0","-0.0462287","-0.0074074","-0.0312983","-0.0100902","2.04125"
"3","0.0","-0.0553202","-0.0183153","-0.039634","-0.00915491","1.95945"
"3","0.0","-0.0614661","-0.0177008","-0.0461917","6.0064e-05","1.95404"
"3","0.0","-0.0643857","-0.0269608","-0.0484507","-0.0031218","2.04985"
"3","0.0","-0.0496909","-0.0111882","-0.0614843","-0.0111275","2.10464"
"1","0.0","-0.0725191","-0.0162928","-0.0101281","-0.117171","2.22303"
"2","0.0","0.0269953","0.0925877","0.0350991","-0.00609374","1.722"
"1","0.0","-0.0391332","0.00219725","-0.00837986","-0.0127914","1.69411"
"1","0.0","-0.0745781","-0.0436444","-0.0598065","-0.0499477","1.63232"
"1","0.0","-0.0961033","-0.0725411","-0.0912052","-0.0758056","1.61781"
"3","0.0","-0.115477","-0.0828425","-0.102772","-0.0950766","1.64811"
"1","0.0","-0.118803","-0.0812313","-0.10537","-0.101397","1.66444"
"2","0.0","-0.122256","-0.0874871","-0.0957569","-0.119116","1.70793"
"1","0.0","-0.125734","-0.0812335","-0.107123","-0.118984","1.68747"
"2","0.0","-0.0575778","-0.0627842","-0.0628665","-0.0640217","1.71957"
"1","0.0","-0.0446547","-0.0528634","-0.0456925","-0.0493629","1.76225"
"2","0.0","-0.0255706","-0.0315085","-0.0202444","-0.0289338","1.77356"
"2","0.0","-0.0267523","-0.0219931","-0.0124551","-0.0199135","1.79272"
"2","0.0","-0.0211511","-0.0098749","-0.00230496","-0.0117828","1.80865"
"2","0.0","-0.0226612","-0.00388182","-0.00289098","-0.0106858","1.84145"
"1","0.0","-0.0276762","0.00187798","-0.00374571","-0.00898474","1.898"
"1","0.0","-0.0332967","-0.000362243","-0.00319898","-0.0150263","1.89768"
"1","0.0","-0.0371894","0.000525332","-0.00195597","-0.0174246","1.90076"
"1","0.0","-0.0333664","0.00350434","-0.00950014","-0.0102626","1.95602"
"1","0.0","-0.0354448","0.00422741","-0.0205899","-0.00180781","2.00868"
"1","0.0","-0.0412614","0.00691419","-0.0250159","0.000342377","1.96547"
"1","0.0","-0.0422243","0.00766666","-0.0347902","0.00642374","1.95382"
"3","0.0","-0.0439576","0.0066095","-0.0459097","0.0022888","1.93334"
"3","0.0","-0.0569631","-0.00636993","-0.0690532","0.00427205","2.04116"
"3","0.0","-0.0666192","-0.00162318","-0.0792693","-6.92371e-05","2.04431"
"3","0.0","-0.0721955","-0.00985658","-0.0878163","-0.00582553","2.06817"
"1","0.0","-0.0708469","-0.0175626","-0.0866043","-0.025157","2.10255"
"1","0.0","-0.059579","-0.0126351","-0.0823317","-0.0518316","2.07727"
"1","0.0","-0.0447653","-0.00472852","-0.0681523","-0.0523302","2.03708"
"1","0.0","-0.0518099","-0.00578291","-0.0685862","-0.0528606","2.07993"
"1","0.0","-0.0306009","-0.00351151","-0.0821983","-0.0425011","2.20645"
"1","0.0","-0.0766693","-0.0460828","-0.107728","-0.057541","2.26054"
"3","0.0","-0.125676","-0.103897","-0.142953","-0.108198","2.40392"
"1","0.0","-0.148747","-0.126791","-0.16486","-0.143304","2.41219"
"1","0.0","-0.155707","-0.144809","-0.167767","-0.156718","2.54915"
"1","0.0","-0.155256","-0.132566","-0.154912","-0.153542","2.60077"
"1","0.0","-0.121597","-0.0905178","-0.124097","-0.119135","2.73215"
"1","0.0","-0.0760948","-0.0321031","-0.0832797","-0.070693","2.80435"
"1","0.0","-0.0253358","0.0182573","-0.0336788","-0.0197801","2.83436"
"1","0.0","-0.00458974","0.0350526","-0.0076066","0.0107681","2.7253"
"0","0.0","0.0117661","0.0331065","0.00361095","0.0250235","2.73676"
"1","0.0","0.0142961","0.0256986","0.0114627","0.0322208","2.69482"
"3","0.0","0.00941365","0.00808894","0.00756439","0.0250967","2.6331"
"3","0.0","0.0125773","-0.00241267","0.00823251","0.0190649","2.57981"
"3","0.0","0.0169107","-0.00706246","0.0141913","0.0121989","2.51469"
"3","0.0","0.0219431","-0.00552954","0.0179102","0.0113658","2.49024"
"3","0.0","0.025006","-0.00223351","0.0204819","0.013672","2.52662"
"0","0.0","0.0435129","0.0118356","0.0342396","0.0266833","2.55871"
"0","0.0","0.0712524","0.0377542","0.0554168","0.0557506","2.68828"
"0","0.0","0.0732045","0.0578717","0.0702441","0.0685238","2.63722"
"3","0.0","0.10157","0.109337","0.117709","0.115234","2.85296"
"2","0.0","0.0991044","0.119712","0.196327","0.108339","2.98897"
"2","1.0","0.0304204","-0.0539872","0.18834","-0.0713149","2.79045"
"3","0.0","-0.221634","-0.0958905","-0.0266807","0.0505622","1.72646"
"3","0.0","-0.169384","-0.0516345","-0.0504278","-0.0242475","1.78073"
"0","0.0","-0.0202494","-0.0429761","-0.0342505","-0.0225015","2.00354"
"3","0.0","-0.140953","-0.156293","-0.146861","-0.121823","2.13665"
"3","0.0","-0.194047","-0.216263","-0.202231","-0.179653","2.14613"
"3","0.0","-0.206054","-0.246046","-0.215474","-0.207979","2.15746"
"0","0.0","-0.182717","-0.24211","-0.199307","-0.213355","2.12888"
"2","0.0","-0.170844","-0.228755","-0.180374","-0.206322","2.12646"
"2","0.0","-0.153412","-0.206059","-0.153422","-0.183569","2.14033"
"2","0.0","-0.112099","-0.155387","-0.113959","-0.144826","2.16661"
"2","0.0","-0.0852819","-0.112351","-0.0824196","-0.103783","2.17238"
"2","0.0","-0.0868996","-0.0807329","-0.0757529","-0.0795964","2.24319"
"2","0.0","-0.0765954","-0.05467","-0.0590695","-0.0590496","2.28475"
"1","0.0","-0.0664357","-0.032825","-0.0413236","-0.0392124","2.31644"
"1","0.0","-0.0637874","-0.0144701","-0.0466037","-0.0197777","2.33344"
"1","0.0","-0.0631081","-0.0078402","-0.0440615","-0.0121914","2.29147"
"1","0.0","-0.0737569","-0.0137752","-0.0623343","-0.0208445","2.28509"
"3","0.0","-0.0943201","-0.0250129","-0.0861842","-0.0388276","2.26148"
"1","0.0","-0.121775","-0.041722","-0.0726821","-0.0567389","2.29177"
"2","0.0","-0.141415","-0.0711146","-0.0445355","-0.095824","2.28745"
"2","0.0","-0.172485","-0.0738127","-0.0558131","-0.0490885","1.94724"
"2","0.0","-0.146529","-0.0620281","-0.0450558","-0.0323714","1.83867"
"1","0.0","-0.120688","-0.0563171","-0.125572","-0.0879707","1.85032"
"3","0.0","-0.173381","-0.12654","-0.180551","-0.126259","1.9694"
"1","0.0","-0.173964","-0.130905","-0.185154","-0.138932","1.93875"
"3","0.0","-0.181425","-0.157407","-0.185781","-0.151549","1.93546"
"2","0.0","-0.187611","-0.167986","-0.19439","-0.164642","1.93902"
"3","0.0","-0.194106","-0.181577","-0.188455","-0.17558","1.93"
"3","0.0","-0.19375","-0.187385","-0.189003","-0.176425","1.93291"
